State,District,Latitude,Longitude,Population,District code,Male,Female,Literate,Households_with_Internet,Housholds_with_Electric_Lighting,Sex Ratio,Literacy Rate
Andhra Pradesh,Adilabad,19.284513950073435,78.81321233480176,2741239,532,1369597,1371642,1483347,5512,566108,100.0,54.0
Andhra Pradesh,Anantapur,14.312065561843148,77.4601584478577,4081148,553,2064495,2016653,2310960,8606,897970,102.0,57.0
Andhra Pradesh,Chittoor,13.33109263067696,78.92763898886037,4174064,554,2090204,2083860,2667878,13763,944555,100.0,64.0
Andhra Pradesh,East Godavari,16.782718320784902,82.2432074720511,5154296,545,2569688,2584608,3288577,22411,1297273,99.0,64.0
Andhra Pradesh,Guntur,15.884925767634847,80.58657614107885,4887813,548,2440521,2447292,2960441,19383,1186028,100.0,61.0
Andhra Pradesh,Hyderabad,17.38971555555556,78.46668888888888,3943323,536,2018575,1924748,2892155,149034,869721,105.0,73.0
Andhra Pradesh,Karimnagar,18.515483193277312,79.43765428571413,3776269,534,1880800,1895469,2206829,8831,926768,99.0,58.0
Andhra Pradesh,Khammam,17.683921325051784,80.67008643892335,2797370,541,1390988,1406382,1630234,8628,668519,99.0,58.0
Andhra Pradesh,Krishna,16.143872753151673,81.14805061000413,4517398,547,2267375,2250023,3009718,30438,1163932,101.0,67.0
Andhra Pradesh,Kurnool,15.43759715142429,77.90086836581717,4053463,552,2039227,2014236,2127161,10081,816721,101.0,52.0
Andhra Pradesh,Mahbubnagar,16.639546224256293,77.98933089244859,4053028,538,2050386,2002642,1940646,6153,757821,102.0,48.0
Andhra Pradesh,Medak,17.889304978038055,78.13778901903379,3033288,535,1523030,1510258,1637137,8635,604719,101.0,54.0
Andhra Pradesh,Nalgonda,17.113250515463907,79.16984453608244,3488809,539,1759772,1729037,2001019,7715,789225,102.0,57.0
Andhra Pradesh,Nizamabad,18.429485849056604,78.07523490566035,2551335,533,1250641,1300694,1389810,5261,545913,96.0,54.0
Andhra Pradesh,Prakasam,15.489039001601704,80.11665790176184,3397448,549,1714764,1682684,1904435,6151,763746,102.0,56.0
Andhra Pradesh,Srikakulam,18.570900998697432,84.25874814010675,2703114,542,1341738,1361376,1495381,3988,615432,99.0,55.0
Andhra Pradesh,Vizianagaram,18.28329696032972,83.45982854198873,2344474,543,1161477,1182997,1238388,4453,527736,98.0,53.0
Andhra Pradesh,Warangal,18.01752608695651,79.87422028985509,3512576,540,1759281,1753295,2065023,12952,828077,100.0,59.0
Andhra Pradesh,West Godavari,16.63297943925236,81.45912990654196,3936966,546,1964918,1972048,2652389,12050,1017568,100.0,67.0
Arunachal Pradesh,Changlang,27.36048479338845,96.37552644628106,148226,253,76948,71278,73174,170,14593,108.0,49.0
Arunachal Pradesh,East Kameng,27.371194055944056,93.04741486013997,78690,247,38775,39915,38449,57,5318,97.0,49.0
Arunachal Pradesh,East Siang,28.15382352941176,95.06499226006191,99214,251,50116,49098,62576,450,14231,102.0,63.0
Arunachal Pradesh,Kurung Kumey,28.04853351800553,93.24531994459834,92076,256,45318,46758,36606,95,3911,97.0,40.0
Arunachal Pradesh,Lohit,27.946785273972623,96.59670770547945,145726,259,76221,69505,83062,312,17157,110.0,57.0
Arunachal Pradesh,Lower Dibang Valley,28.32651730103806,95.76567335640142,54080,258,28053,26027,31849,207,5932,108.0,59.0
Arunachal Pradesh,Lower Subansiri,27.70849297297297,93.96226108108112,83030,255,41843,41187,54057,381,12493,102.0,65.0
Arunachal Pradesh,Papum Pare,27.273529716981127,93.54468183962264,176573,248,89182,87391,121048,2477,30539,102.0,69.0
Arunachal Pradesh,Tawang,27.680683962264148,91.82504245283016,49977,245,29151,20826,26073,96,8635,140.0,52.0
Arunachal Pradesh,Tirap,26.94406229508198,95.41470327868862,111975,254,57604,54371,47974,98,16026,106.0,43.0
Arunachal Pradesh,Upper Siang,28.8309244897959,95.00155765306124,35320,252,18699,16621,18195,97,6198,113.0,52.0
Arunachal Pradesh,Upper Subansiri,28.277196566523585,93.8991435622318,83448,249,41758,41690,45278,139,5373,100.0,54.0
Arunachal Pradesh,West Kameng,27.46486582278483,92.65015750452083,83947,246,46155,37792,48492,202,14188,122.0,58.0
Arunachal Pradesh,West Siang,28.106296920289843,94.53510344202908,112274,250,58168,54106,64746,303,14204,108.0,58.0
Assam,Barpeta,26.427872264631056,90.97912010178116,1693622,303,867004,826618,897058,2078,84804,105.0,53.0
Assam,Bongaigaon,26.45012521994133,90.6734296187684,738804,319,375818,362986,434078,2523,49866,104.0,59.0
Assam,Cachar,24.815570668693017,92.86849650455927,1736617,316,886284,850333,1174128,5316,140205,104.0,68.0
Assam,Darrang,26.58463215962442,92.04141338028155,928500,325,475273,453227,487039,1166,45444,105.0,52.0
Assam,Dhemaji,27.586533438485816,94.71336908517353,686133,308,351249,334884,423028,1192,28195,105.0,62.0
Assam,Dibrugarh,27.30612284482757,95.0998282327587,1326335,310,676434,649901,884531,8817,136685,104.0,67.0
Assam,Goalpara,26.017277777777807,90.59869891598912,1008183,302,513292,494891,563577,1364,78641,104.0,56.0
Assam,Golaghat,26.377219709794485,93.82583397823468,1066888,313,543161,523727,721764,3073,82345,104.0,68.0
Assam,Hailakandi,24.457496089385486,92.59154664804475,659296,318,337890,321406,407366,1211,44143,105.0,62.0
Assam,Jorhat,26.76244824016563,94.30197722567289,1092256,312,556805,535451,794929,5651,122063,104.0,73.0
Assam,Kamrup,26.170939452054807,91.58863273972592,1517542,321,778461,739081,995319,3109,122191,105.0,66.0
Assam,Karbi Anglong,26.08966454598031,93.11536570271832,956313,314,490167,466146,557214,1923,53918,105.0,58.0
Assam,Karimganj,24.69660712250711,92.3679498575498,1228686,317,625864,602822,795297,1933,70951,104.0,65.0
Assam,Kokrajhar,26.497246635730868,90.13997470997688,887142,300,452905,434237,489305,1218,41373,104.0,55.0
Assam,Lakhimpur,27.14128805970149,94.0775949253732,1042137,307,529674,512463,683486,1948,60296,103.0,66.0
Assam,Nagaon,26.26462170626351,92.9306191144708,2823768,305,1439112,1384656,1710716,5121,195631,104.0,61.0
Assam,Nalbari,26.46323767605632,91.40598521126763,771639,323,396006,375633,531771,1631,68313,105.0,69.0
Assam,Sonitpur,26.73514926829268,92.85197804878044,1924110,306,983904,940206,1108572,4358,133368,105.0,58.0
Assam,Tinsukia,27.53549291139241,95.69055949367085,1327929,309,680231,647698,798322,5135,161718,105.0,60.0
Bihar,Araria,26.211528119180603,87.30766554934816,2811569,209,1463333,1348236,1195768,2561,43290,109.0,43.0
Bihar,Aurangabad,24.774291867469877,84.45986024096379,2540073,235,1318684,1221389,1466002,2362,44456,108.0,58.0
Bihar,Aurangabad,24.774291867469877,84.45986024096379,3701282,515,1924469,1776813,2503837,23258,589477,108.0,68.0
Bihar,Banka,24.832355642023337,86.8664916342413,2034763,225,1067140,967623,965321,1704,62359,110.0,47.0
Bihar,Begusarai,25.54302613168723,86.12560144032932,2970541,222,1567660,1402881,1548673,4644,120373,112.0,52.0
Bihar,Bhagalpur,25.277192885375477,87.04213814229242,3037766,224,1615663,1422103,1573066,6764,174534,114.0,52.0
Bihar,Bhojpur,25.50666439393939,84.49407803030304,2728407,231,1430380,1298027,1599151,3661,62153,110.0,59.0
Bihar,Buxar,25.48593018867924,84.08808081760995,1706352,232,887977,818375,989807,1784,46760,109.0,58.0
Bihar,Darbhanga,26.146187719298258,85.97387352472099,3937385,215,2059949,1877436,1816634,6280,127442,110.0,46.0
Bihar,Gaya,24.7266541547278,84.94291217765044,4391418,236,2266566,2124852,2297613,6856,112617,107.0,52.0
Bihar,Gopalganj,26.44874364161851,84.34636127167629,2562012,217,1267666,1294346,1382998,3707,69375,98.0,54.0
Bihar,Jamui,24.78418380462726,86.26316298200514,1760405,238,916064,844341,858588,1839,32633,108.0,49.0
Bihar,Jehanabad,25.155679045643165,84.9208124481328,1125313,239,585582,539731,618881,1106,27641,108.0,55.0
Bihar,Katihar,25.56565356037151,87.70466083591326,3071029,212,1600430,1470599,1280190,2941,60900,109.0,42.0
Bihar,Khagaria,25.53558891454964,86.56593256351037,1666886,223,883786,783100,768028,1580,40641,113.0,46.0
Bihar,Kishanganj,26.324336758321294,87.95045007235886,1690400,210,866970,823430,745056,1093,58718,105.0,44.0
Bihar,Lakhisarai,25.183449321266963,86.12825701357468,1000912,227,526345,474567,507270,1186,44491,111.0,51.0
Bihar,Madhepura,25.77341929460581,86.8978443983403,2001762,213,1047559,954203,834577,1397,23236,110.0,42.0
Bihar,Madhubani,26.41380538172716,86.16328360450552,4487379,207,2329313,2158066,2155338,5319,113281,108.0,48.0
Bihar,Munger,25.198537962962963,86.54173672839504,1367765,226,729041,638724,801817,2653,90461,114.0,59.0
Bihar,Muzaffarpur,26.18664417177915,85.32745092024543,4801062,216,2527497,2273565,2509232,10290,180651,111.0,52.0
Bihar,Nalanda,25.229345508982053,85.48053113772461,2877653,229,1497060,1380593,1519933,4156,101378,108.0,53.0
Bihar,Nawada,24.825708836206903,85.61594568965519,2219146,237,1144668,1074478,1091012,1841,31162,107.0,49.0
Bihar,Pashchim Champaran,27.16064352201258,84.30265911949685,3935042,203,2061110,1873932,1759481,3495,57546,110.0,45.0
Bihar,Patna,25.40297114503818,85.3198433587787,5838465,230,3078512,2759953,3459679,40692,546859,112.0,59.0
Bihar,Purba Champaran,26.68129336734693,85.00382155612242,5099371,204,2681209,2418162,2276957,7719,74979,111.0,45.0
Bihar,Purnia,25.81714801901739,87.40447606973065,3264619,211,1699370,1565249,1332326,4170,86058,109.0,41.0
Bihar,Rohtas,24.99170460829495,83.9350762672811,2959918,234,1543546,1416372,1799832,4594,114893,109.0,61.0
Bihar,Saharsa,25.821270696721303,86.54670819672135,1900661,214,997174,903487,804996,1668,41342,110.0,42.0
Bihar,Samastipur,25.793205563909765,85.94833323308269,4261566,221,2230003,2031563,2142880,5379,88021,110.0,50.0
Bihar,Saran,25.89656077844312,84.82266287425155,3951862,219,2022821,1929041,2157454,4509,94787,105.0,55.0
Bihar,Sheikhpura,25.12472436548223,85.77839390862943,636342,228,329743,306599,328676,631,20065,108.0,52.0
Bihar,Sheohar,26.458380748663107,85.29539411764709,656246,205,346673,309573,283698,478,10004,112.0,43.0
Bihar,Sitamarhi,26.56570069686413,85.61172491289203,3423574,206,1803252,1620322,1436794,3460,66263,111.0,42.0
Bihar,Siwan,26.1736372013652,84.33766552901022,3330464,218,1675090,1655374,1930175,3834,52935,101.0,58.0
Bihar,Supaul,26.28157893772896,86.78496465201461,2229076,208,1155283,1073793,1033283,1845,51028,108.0,46.0
Bihar,Vaishali,25.8134703180212,85.39247597173153,3495021,220,1844535,1650486,1926740,4810,70001,112.0,55.0
Chandigarh,Chandigarh,30.7426,76.75872465753424,1055450,55,580663,474787,805438,44283,231204,122.0,76.0
Chhattisgarh,Bastar,19.393866751269048,81.52895126903546,1413199,414,698487,714712,650863,1782,157646,98.0,46.0
Chhattisgarh,Bilaspur,22.356942982456143,81.99770350877188,381956,30,192764,189192,287620,1574,79146,102.0,75.0
Chhattisgarh,Bilaspur,22.356942982456143,81.99770350877188,2663629,406,1351574,1312055,1596560,8566,519704,103.0,60.0
Chhattisgarh,Dhamtari,20.554912627291245,81.7569195519348,799781,412,397897,401884,546833,1016,148926,99.0,68.0
Chhattisgarh,Durg,21.194463849287164,81.33181639511197,3343872,409,1682101,1661771,2303378,16141,614109,101.0,69.0
Chhattisgarh,Jashpur,22.77286167664669,83.8703962075848,851669,402,424747,426922,495415,567,76783,99.0,58.0
Chhattisgarh,Korba,22.491712499999995,82.57604326923074,1206640,404,612915,593725,748759,4544,202380,103.0,62.0
Chhattisgarh,Koriya,23.50412776859501,82.12515636363635,658917,400,334737,324180,397823,1667,80023,103.0,60.0
Chhattisgarh,Mahasamund,21.223727037773354,82.65925427435384,1032754,411,511967,520787,637963,961,212487,98.0,62.0
Chhattisgarh,Raigarh,22.008265068493166,83.27797698630134,1493984,403,750278,743706,951639,3342,297308,101.0,64.0
Chhattisgarh,Raigarh,22.008265068493166,83.27797698630134,2634200,520,1344345,1289855,1939994,38570,547206,104.0,74.0
Chhattisgarh,Raipur,20.88603153846152,82.20032759615388,4063872,410,2048186,2015686,2629749,20261,728556,102.0,65.0
Chhattisgarh,Surguja,23.32719278728607,83.23582493887531,2359886,401,1193129,1166757,1187941,2737,253131,102.0,50.0
Daman and Diu,Daman,20.431616666666677,72.8392366071429,191173,495,124659,66514,150348,1316,49249,187.0,79.0
Daman and Diu,Junagadh,20.72568199498111,70.83985639899612,2743082,479,1404356,1338726,1842818,6628,498326,105.0,67.0
Goa,North Goa,15.548723418714054,73.80667997909038,818008,585,416677,401331,663060,23440,173951,104.0,81.0
Goa,South Goa,15.195278658183785,73.941792596877,640537,586,322463,318074,502427,17624,138810,101.0,78.0
Gujarat,Ahmadabad,22.605425564971743,72.23898135593227,7214225,474,3788051,3426174,5435760,126341,1456046,111.0,75.0
Gujarat,Amreli,21.04832649310872,71.43457637825426,1514190,480,771049,743141,995459,2538,273331,104.0,66.0
Gujarat,Anand,22.282718206229863,72.57782051557454,2092745,482,1087224,1005521,1551253,9902,378310,108.0,74.0
Gujarat,Banas Kantha,24.258538965517253,71.93205252873561,3120506,469,1610379,1510127,1704923,3424,396873,107.0,55.0
Gujarat,Bharuch,21.75787276237761,72.67326346710801,1551019,488,805707,745312,1118276,10257,309091,108.0,72.0
Gujarat,Bhavnagar,21.70219390341736,72.16272632761141,2880365,481,1490201,1390164,1887255,7297,500757,107.0,66.0
Gujarat,Gandhinagar,23.193679790026252,72.67221679790026,1391753,473,723864,667889,1030494,12107,262539,108.0,74.0
Gujarat,Jamnagar,22.410600414263328,69.62062005768233,2160119,477,1114192,1045927,1396534,11573,386538,107.0,65.0
Gujarat,Junagadh,20.929523011609785,70.54733890140345,2743082,479,1404356,1338726,1842818,6628,498326,105.0,67.0
Gujarat,Kachchh,23.48057203301311,68.82192301497916,2092371,468,1096737,995634,1252319,9631,403294,110.0,60.0
Gujarat,Kheda,22.88765312500002,73.018803515625,2299885,483,1185727,1114158,1660243,5710,372226,106.0,72.0
Gujarat,Mahesana,23.529355452865065,72.45545194085031,2035064,471,1056520,978544,1502645,7759,385609,108.0,74.0
Gujarat,Narmada,21.70666386292833,73.68403208722742,590297,487,301086,289211,370336,576,101940,104.0,63.0
Gujarat,Navsari,20.866973318871995,72.86184869848157,1329672,490,678165,651507,1001909,6726,267679,104.0,75.0
Gujarat,Panch Mahals,22.80435606837605,73.61984598290586,2390776,484,1226961,1163815,1440805,3456,398937,105.0,60.0
Gujarat,Patan,23.80634198473284,71.75162977099237,1343734,470,694397,649337,837913,2231,223424,107.0,62.0
Gujarat,Porbandar,21.55092351651571,69.71896987722886,585449,478,300209,285240,393678,1653,117040,105.0,67.0
Gujarat,Rajkot,22.40603377715488,70.83679439383323,3804558,476,1974445,1830113,2725056,21785,747352,108.0,72.0
Gujarat,Sabar Kantha,23.71803594548552,73.13638790459964,2428589,472,1244231,1184358,1578734,5262,438606,105.0,65.0
Gujarat,Surat,21.25761372772093,72.93488716344339,6081322,492,3402224,2679098,4571410,55694,1252452,127.0,75.0
Gujarat,Surendranagar,22.82672007299272,71.48358740875906,1756268,475,909917,846351,1093626,2975,302068,108.0,62.0
Gujarat,The Dangs,20.801633877551023,73.6883518367347,228291,489,113821,114470,140968,137,29794,99.0,62.0
Gujarat,Vadodara,22.26133739279589,73.49433010291594,4165626,486,2153736,2011890,2893080,53606,798277,107.0,69.0
Gujarat,Valsad,20.44238231644259,72.9148584798345,1705678,491,887222,818456,1170657,11020,329218,108.0,69.0
Haryana,Ambala,30.3503672316384,76.94970310734456,1128350,70,598703,529647,818025,12899,199681,113.0,72.0
Haryana,Bhiwani,28.728868064516128,76.02110225806452,1634445,81,866672,767773,1069871,5292,266244,113.0,65.0
Haryana,Faridabad,28.14873109756098,77.32718536585368,1809733,88,966110,843623,1272739,43437,333171,115.0,70.0
Haryana,Fatehabad,29.57298318584072,75.54608716814157,942011,78,495360,446651,557578,3210,153301,111.0,59.0
Haryana,Gurgaon,28.043894789579163,77.01935130260523,1514432,86,816690,697742,1111116,67087,305751,117.0,73.0
Haryana,Hisar,29.23628731117825,75.84324682779452,1743931,80,931562,812369,1114311,10132,285004,115.0,64.0
Haryana,Jhajjar,28.59651868131869,76.61137142857145,958405,83,514667,443738,676091,5034,168558,116.0,71.0
Haryana,Jind,29.45149821958457,76.29598575667653,1334152,77,713006,621146,832758,5263,222462,115.0,62.0
Haryana,Kaithal,29.96068539094649,76.37698930041155,1074304,73,571003,503301,646529,3724,187349,113.0,60.0
Haryana,Karnal,29.703200647249204,76.87488025889972,1505324,74,797712,707612,978013,11163,267223,113.0,65.0
Haryana,Kurukshetra,30.05652659846548,76.78774680306903,964655,72,510976,453679,646893,7356,171908,113.0,67.0
Haryana,Mahendragarh,28.1352161458333,76.14018072916659,922088,84,486665,435423,630255,2624,135455,112.0,68.0
Haryana,Panchkula,30.700897142857134,76.97173238095236,561293,69,299679,261614,405318,18615,103455,115.0,72.0
Haryana,Panipat,29.34352134146342,76.92895914634147,1205437,75,646857,558580,786599,10024,209965,116.0,65.0
Haryana,Rewari,28.19164714828897,76.55956007604564,900332,85,474335,425997,636947,5121,152651,111.0,71.0
Haryana,Rohtak,28.892517647058817,76.53123235294117,1061204,82,568479,492725,747582,8482,193120,115.0,70.0
Haryana,Sirsa,29.63583446327684,74.90970480225988,1295189,79,682582,612607,782897,6287,215527,111.0,60.0
Himachal Pradesh,Bilaspur,31.3780422907489,76.65316079295157,381956,30,192764,189192,287620,1574,79146,102.0,75.0
Himachal Pradesh,Bilaspur,31.3780422907489,76.65316079295157,2663629,406,1351574,1312055,1596560,8566,519704,103.0,60.0
Himachal Pradesh,Chamba,32.66741814595661,76.39354063116366,519080,23,261320,257760,323842,1615,96082,101.0,62.0
Himachal Pradesh,Hamirpur,31.67668481012659,76.49767088607594,454768,28,217070,237698,358091,2521,104120,91.0,79.0
Himachal Pradesh,Hamirpur,31.67668481012659,76.49767088607594,1104285,168,593537,510748,653299,1196,55929,116.0,59.0
Himachal Pradesh,Kangra,32.14093603238864,76.41205910931173,1510075,24,750591,759484,1152640,8053,330081,99.0,76.0
Himachal Pradesh,Kinnaur,31.60667184065933,78.51613736263741,84121,34,46249,37872,60699,354,17865,122.0,72.0
Himachal Pradesh,Kullu,31.90911922077925,77.40922649350647,437903,26,225452,212451,307672,2623,91322,106.0,70.0
Himachal Pradesh,Mandi,31.635805940594054,76.96556930693067,999777,27,498065,501712,723747,5333,214491,99.0,72.0
Himachal Pradesh,Shimla,31.155725451807253,77.62573042168668,814010,33,425039,388971,612642,9177,172754,109.0,75.0
Himachal Pradesh,Sirmaur,30.682764453961443,77.43184689507493,529855,32,276289,253566,362645,2220,91509,109.0,68.0
Himachal Pradesh,Solan,31.03864311926604,76.94442140672783,580320,31,308754,271566,428578,5250,119866,114.0,74.0
Himachal Pradesh,Una,31.58330388349513,76.18353932038836,521173,29,263692,257481,399715,2412,105929,102.0,77.0
Jammu and Kashmir,Doda,33.359614675767915,76.07163720136518,409936,16,213641,196295,219083,596,61831,109.0,53.0
Jammu and Kashmir,Jammu,32.713199095022645,74.8477520361991,1529958,21,813821,716137,1137135,19905,294739,114.0,74.0
Jammu and Kashmir,Kargil,33.565994894894914,76.63675315315312,140802,4,77785,63017,86236,235,15824,123.0,61.0
Jammu and Kashmir,Kathua,32.51781678321678,75.58901398601404,616435,7,326109,290326,389204,1443,109422,112.0,63.0
Jammu and Kashmir,Pulwama,33.88414418604652,75.00921860465118,560440,12,293064,267376,293958,1537,73629,110.0,52.0
Jammu and Kashmir,Punch,33.791241290322574,74.29593161290322,476835,5,251899,224936,261724,346,62900,112.0,55.0
Jammu and Kashmir,Srinagar,34.27312898550724,75.11021159420288,1236829,10,651124,585705,748584,16413,165403,111.0,61.0
Jammu and Kashmir,Udhampur,33.04770670731707,75.15286951219511,554985,19,296784,258201,322354,1214,73999,115.0,58.0
Jharkhand,Bokaro,23.6814965034965,85.98398374125864,2062330,355,1072807,989523,1273520,9754,274726,108.0,62.0
Jharkhand,Chatra,24.11619945750453,84.93295804701627,1042886,347,533935,508951,510061,590,27037,105.0,49.0
Jharkhand,Deoghar,24.33070100755672,86.75697632241814,1492073,350,775022,717051,793538,1944,130193,108.0,53.0
Jharkhand,Dhanbad,23.854509090909097,86.40372924901185,2684487,354,1405956,1278531,1722204,11568,427173,110.0,64.0
Jharkhand,Dumka,24.275006125574265,87.27662450229711,1321442,362,668514,652928,672409,1193,62110,102.0,51.0
Jharkhand,Garhwa,24.082114689265527,83.68664265536722,1322784,346,683575,639209,653476,565,29373,107.0,49.0
Jharkhand,Giridih,24.30578509874329,86.08710915619386,2445474,349,1258098,1187376,1253475,1944,125431,106.0,51.0
Jharkhand,Godda,24.8189,87.2941735483871,1313551,351,677927,635624,604519,874,43230,107.0,46.0
Jharkhand,Gumla,23.078532948929148,84.55056787479396,1025213,366,514390,510823,559720,831,31687,101.0,55.0
Jharkhand,Jamtara,23.97873318077801,86.95325080091534,791042,363,404830,386212,426312,808,49419,105.0,54.0
Jharkhand,Latehar,23.72511185840708,84.48298743362837,726978,359,369666,357312,350682,340,38194,103.0,48.0
Jharkhand,Lohardaga,23.488796043165483,84.6605169064748,461790,356,232629,229161,259707,351,28769,102.0,56.0
Jharkhand,Pakur,24.57260428082189,87.69691969178076,900422,353,452661,447761,352881,328,31414,101.0,39.0
Jharkhand,Palamu,24.196925968109337,84.20310842824594,1939869,358,1006302,933567,1024563,2155,68238,108.0,53.0
Jharkhand,Ranchi,23.184235061391547,85.31781937244203,2914253,364,1494937,1419316,1911433,22538,350908,105.0,66.0
Jharkhand,Sahibganj,24.93667989690721,87.68264097938142,1150567,352,589391,561176,483263,591,34879,105.0,42.0
Jharkhand,Simdega,22.608760391198054,84.59193691931536,599578,367,300309,299269,343483,423,16865,100.0,57.0
Karnataka,Bagalkot,16.15860676328503,75.64526070853468,1889752,556,950111,939641,1113412,3745,301389,101.0,59.0
Karnataka,Bangalore Rural,12.936827087794448,77.47369314775169,990923,583,509172,481751,688749,3729,214253,106.0,70.0
Karnataka,Belgaum,16.16107219152853,74.72329042357275,4779661,555,2423063,2356598,3052032,17560,808827,103.0,64.0
Karnataka,Bellary,15.074377548209377,76.47228471074374,2452595,565,1236954,1215641,1421621,9626,440374,102.0,58.0
Karnataka,Bidar,17.950361730769224,77.19459961538459,1703300,558,870665,832635,1042673,3971,271439,105.0,61.0
Karnataka,Bijapur,16.84015316666667,75.95909166666665,255230,417,128663,126567,86919,117,12516,102.0,34.0
Karnataka,Bijapur,16.84015316666667,75.95909166666665,2177331,557,1111022,1066309,1248268,4987,326594,104.0,57.0
Karnataka,Chikmagalur,13.425288289676422,75.67626502311249,1137961,570,566622,571339,818345,4510,238505,99.0,72.0
Karnataka,Chitradurga,14.29102220394736,76.57821957236843,1659456,566,840843,818613,1087392,5711,307257,103.0,66.0
Karnataka,Davanagere,14.330414586709884,75.91723841166937,1945497,567,986400,959097,1308540,7320,372671,103.0,67.0
Karnataka,Dharwad,15.343831376975173,75.13831264108359,1847023,562,937206,909817,1301664,15013,347962,103.0,70.0
Karnataka,Gadag,15.507128256880746,75.64861302752298,1064570,561,537147,527423,700177,3373,198064,102.0,66.0
Karnataka,Gulbarga,17.070459515951594,76.87503850385033,2566326,579,1301755,1264571,1427368,9752,404767,103.0,56.0
Karnataka,Hassan,12.945098749999998,76.11049549999997,1776421,574,883667,892754,1225256,4851,400702,99.0,69.0
Karnataka,Haveri,14.737582809224318,75.3961230607966,1597668,564,819128,778540,1085443,2456,295937,105.0,68.0
Karnataka,Kodagu,12.39684468085106,75.79336595744688,554519,576,274608,279911,412877,3308,113931,98.0,74.0
Karnataka,Kolar,13.312799881235172,78.01376947743476,1536401,581,776396,760005,1016219,5051,309494,102.0,66.0
Karnataka,Koppal,15.651253271028034,76.1617048598131,1389920,560,699926,689994,809085,2135,223166,101.0,58.0
Karnataka,Mandya,12.574901806239744,76.81570098522172,1805769,573,905085,900684,1149649,3367,391033,100.0,64.0
Karnataka,Mysore,12.248100259403367,76.52881802853437,3001127,577,1511600,1489527,1962180,28397,640868,101.0,65.0
Karnataka,Raichur,16.050795353982295,76.87368606194688,1928812,559,964511,964301,979769,5200,314547,100.0,51.0
Karnataka,Shimoga,14.063845885634592,75.17882078103197,1752753,568,877415,875338,1263016,8791,363835,100.0,72.0
Karnataka,Tumkur,13.592467760074973,77.02297966260545,2678980,571,1350594,1328386,1813391,7971,562769,102.0,68.0
Karnataka,Udupi,13.450404228534568,74.72009990316337,1177361,569,562131,615230,926429,9070,224814,91.0,79.0
Kerala,Alappuzha,9.542602965599087,76.38010796263319,2127789,598,1013142,1114647,1852797,28842,507913,91.0,87.0
Kerala,Ernakulam,10.004879301987431,76.26957729035381,3282388,595,1619557,1662831,2855676,88737,771287,97.0,87.0
Kerala,Idukki,9.80480963855423,77.04586641566264,1108974,596,552808,556166,923010,8250,244844,99.0,83.0
Kerala,Kannur,11.941523076923056,75.35209891725934,2523003,589,1181446,1341557,2138434,32653,511167,88.0,85.0
Kerala,Kasaragod,12.33310309912974,75.07768497134369,1307375,588,628613,678762,1037492,10378,237670,93.0,79.0
Kerala,Kollam,8.929388820570157,76.6360775852431,2635375,600,1246968,1388407,2240273,31542,630767,90.0,85.0
Kerala,Kottayam,9.643701174068417,76.46059673302705,1974551,597,968289,1006262,1749798,37849,464039,96.0,89.0
Kerala,Kozhikode,11.392924270557026,75.71158720159153,3086293,591,1470942,1615351,2615443,36791,641660,91.0,85.0
Kerala,Malappuram,10.97329875666072,75.93910775606876,4112920,592,1960328,2152592,3311315,27909,730119,91.0,81.0
Kerala,Palakkad,10.784926903553291,76.49980490693744,2809934,593,1359478,1450456,2239492,27162,587583,94.0,80.0
Kerala,Thiruvananthapuram,8.537101759082221,76.88711502868073,3301427,601,1581678,1719749,2785408,71621,783872,92.0,84.0
Kerala,Thrissur,10.458932647907687,76.12321940836945,3121200,594,1480763,1640437,2678548,56148,721625,90.0,86.0
Kerala,Wayanad,11.715277464788736,76.07587007042254,817420,590,401684,415736,645585,4712,149864,97.0,79.0
Madhya Pradesh,Anuppur,23.18184220430107,81.86560000000007,749237,461,379114,370123,436595,1290,81338,102.0,58.0
Madhya Pradesh,Ashoknagar,24.63098846153845,77.82974493927134,845071,459,443837,401234,469109,619,84720,111.0,56.0
Madhya Pradesh,Balaghat,21.80020720640569,80.42170053380796,1701698,457,842178,859520,1147623,1712,277927,98.0,67.0
Madhya Pradesh,Barwani,21.702135714285724,74.91004719710673,1385881,441,699340,686541,549926,1158,181139,102.0,40.0
Madhya Pradesh,Betul,21.964626315789477,77.7873428189117,1575362,447,799236,776126,939769,2109,230974,103.0,60.0
Madhya Pradesh,Bhind,26.35951126187245,78.7618324287653,1703005,420,926843,776162,1094917,1166,107819,119.0,64.0
Madhya Pradesh,Bhopal,23.480726143790854,77.39246623093679,2371061,444,1236130,1134931,1660690,40788,452912,109.0,70.0
Madhya Pradesh,Burhanpur,21.364567254408065,76.24460478589425,757847,467,388504,369343,408679,986,112420,105.0,54.0
Madhya Pradesh,Chhatarpur,24.813637376460004,79.56449299191374,1762375,425,936121,826254,943033,1880,176056,113.0,54.0
Madhya Pradesh,Chhindwara,22.227966971713823,78.76413136439254,2090922,455,1064468,1026454,1294198,3588,344875,104.0,62.0
Madhya Pradesh,Damoh,23.76624407960196,79.47049303482588,1264219,428,661873,602346,747715,1432,187731,110.0,59.0
Madhya Pradesh,Datia,25.90226439560441,78.63916571428574,786754,422,420157,366597,491445,616,97696,115.0,62.0
Madhya Pradesh,Dewas,22.7851110021322,76.46088805970157,1563715,437,805359,758356,925369,3518,270457,106.0,59.0
Madhya Pradesh,Dhar,22.572681718963157,75.1105620736698,2185793,438,1112725,1073068,1077338,2388,349639,104.0,49.0
Madhya Pradesh,Dindori,22.83738437047757,81.04332966714911,704524,453,351913,352611,378714,554,62372,100.0,54.0
Madhya Pradesh,Guna,24.49043927178156,77.2235895968791,1241519,458,649362,592157,653980,2482,144248,110.0,53.0
Madhya Pradesh,Gwalior,26.04074441964285,78.12782433035713,2032036,421,1090327,941709,1357210,15779,306859,116.0,67.0
Madhya Pradesh,Harda,22.227659781121783,77.07022571819435,570465,448,294838,275627,352550,986,95066,107.0,62.0
Madhya Pradesh,Hoshangabad,22.595268801996703,78.02168094841929,1241350,449,648725,592625,810644,2871,198076,109.0,65.0
Madhya Pradesh,Indore,22.680265752128648,75.9133801324502,3276697,439,1699627,1577070,2309130,48691,593576,108.0,70.0
Madhya Pradesh,Jabalpur,23.18525572327043,79.98328754716981,2463289,451,1277278,1186011,1756468,20443,452023,108.0,71.0
Madhya Pradesh,Jhabua,22.419578015397768,74.40921616766468,1025048,464,515023,510025,352081,744,125411,101.0,34.0
Madhya Pradesh,Katni,23.724416229116937,80.33819665871127,1292042,450,662013,630029,790773,2179,172416,105.0,61.0
Madhya Pradesh,Mandla,22.70348712446353,80.38600543633753,1054905,454,525272,529633,604962,912,143803,99.0,57.0
Madhya Pradesh,Mandsaur,24.19278764044944,75.43588667736759,1340411,433,682851,657560,834591,2324,239885,104.0,62.0
Madhya Pradesh,Morena,26.37313504531724,77.88447341389724,1965970,419,1068417,897553,1179685,1781,131486,119.0,60.0
Madhya Pradesh,Neemuch,24.70311893333336,75.06608186666664,826067,432,422653,403414,508834,1945,145258,105.0,62.0
Madhya Pradesh,Panna,24.451325840092657,80.21133001158752,1016520,426,533480,483040,552559,653,76097,110.0,54.0
Madhya Pradesh,Raisen,23.292518206521724,78.16305495923909,1331597,446,700358,631239,820220,1141,194373,111.0,62.0
Madhya Pradesh,Rajgarh,23.785499026425583,76.66431223922116,1545814,442,790212,755602,804245,1611,231130,105.0,52.0
Madhya Pradesh,Ratlam,23.503562290502792,75.14895782122909,1455069,434,738241,716828,825880,3644,213825,103.0,57.0
Madhya Pradesh,Rewa,24.861184625158856,81.57572465057183,2365106,430,1225100,1140006,1441757,3406,251132,107.0,61.0
Madhya Pradesh,Sagar,23.800318709677374,78.71940357771273,2378458,427,1256257,1122201,1545719,4546,366494,112.0,65.0
Madhya Pradesh,Satna,24.62777621776502,80.75547048710598,2228935,429,1157495,1071440,1371781,3754,294702,108.0,62.0
Madhya Pradesh,Sehore,22.9297199679658,77.06780202883085,1311332,445,683743,627589,780362,1566,212138,109.0,60.0
Madhya Pradesh,Seoni,22.33230487804874,79.66053863928111,1379131,456,695879,683252,864194,1182,228695,102.0,63.0
Madhya Pradesh,Shahdol,23.44859864559819,81.4596831828442,1066063,460,540021,526042,604194,1733,113184,103.0,57.0
Madhya Pradesh,Shajapur,23.566620317220547,76.33555181268885,1512681,436,780520,732161,894612,1382,232735,107.0,59.0
Madhya Pradesh,Sheopur,25.78014810996563,77.16911116838484,687861,418,361784,326077,328025,273,74770,111.0,48.0
Madhya Pradesh,Shivpuri,25.37802451874367,77.74861600810549,1726050,423,919795,806255,900846,1852,148128,114.0,52.0
Madhya Pradesh,Sidhi,24.17547189952905,82.1053783359498,1127033,462,575912,551121,600785,837,102228,104.0,53.0
Madhya Pradesh,Tikamgarh,25.14099852104666,78.89357064846428,1445166,424,760355,684811,747940,1090,132725,111.0,52.0
Madhya Pradesh,Ujjain,23.319288862745065,75.80383717647058,1986864,435,1016289,970575,1240990,7501,323379,105.0,62.0
Madhya Pradesh,Umaria,23.59601063063061,80.90879477477475,644758,431,330674,314084,356672,839,67975,105.0,55.0
Madhya Pradesh,Vidisha,23.82838307984792,77.9013507604563,1458875,443,769568,689307,862918,1926,181510,112.0,59.0
Maharashtra,Akola,20.746310479041902,77.12122320359276,1813906,501,932334,881572,1411281,6163,314490,106.0,78.0
Maharashtra,Amravati,21.16520991810736,77.67583503184723,2888445,503,1480768,1407677,2251875,9438,512492,105.0,78.0
Maharashtra,Aurangabad,20.0979228832952,75.32072196796334,2540073,235,1318684,1221389,1466002,2362,44456,108.0,58.0
Maharashtra,Aurangabad,20.0979228832952,75.32072196796334,3701282,515,1924469,1776813,2503837,23258,589477,108.0,68.0
Maharashtra,Bhandara,21.211792649727748,80.10950199637024,1200334,506,605520,594814,899860,2932,227025,102.0,75.0
Maharashtra,Bid,18.952353340080982,75.69319706477731,2585049,523,1349106,1235943,1718507,5614,402052,109.0,66.0
Maharashtra,Buldana,20.56680611183355,76.39017880364096,2586258,500,1337560,1248698,1879874,4767,423036,107.0,73.0
Maharashtra,Chandrapur,20.095609090909075,79.31556380471388,2204307,509,1123834,1080473,1578615,8239,418666,104.0,72.0
Maharashtra,Dhule,21.274018690400517,74.58719071837263,2050862,498,1054031,996831,1293916,6065,315332,106.0,63.0
Maharashtra,Gondiya,21.225008411214997,80.17522698598128,1322507,507,661554,660953,1004243,2866,239981,100.0,76.0
Maharashtra,Hingoli,19.59525302245251,77.09239412780653,1177345,512,606294,571051,790743,1221,159114,106.0,67.0
Maharashtra,Jalgaon,20.8828943415638,75.55140421810695,4229917,499,2197365,2032552,2891882,14297,720791,108.0,68.0
Maharashtra,Jalna,19.984612534818933,75.98473607242339,1959046,514,1011473,947573,1195523,3791,288895,107.0,61.0
Maharashtra,Kolhapur,16.44881301587301,74.12897150793648,3876001,530,1980658,1895343,2825845,22269,770005,105.0,73.0
Maharashtra,Latur,18.348687268993856,76.75812607802874,2454196,524,1273140,1181056,1650672,6217,381722,108.0,67.0
Maharashtra,Nagpur,21.196556862745105,79.02166176470584,4653570,505,2384975,2268595,3673808,57964,917626,105.0,79.0
Maharashtra,Nanded,19.209316983017,77.6829048951049,3361292,511,1730075,1631217,2189425,7548,488748,106.0,65.0
Maharashtra,Nandurbar,21.523175625248147,74.32638757443429,1648295,497,833170,815125,906509,2579,186202,102.0,55.0
Maharashtra,Nashik,20.266912871287143,74.03824168316828,6107187,516,3157186,2950001,4345366,45039,904710,107.0,71.0
Maharashtra,Osmanabad,18.19459456066944,75.99495575313809,1657576,525,861535,796041,1137810,3209,240042,108.0,69.0
Maharashtra,Parbhani,19.31032425249168,76.70163338870431,1836086,513,942870,893216,1157814,3982,272486,106.0,63.0
Maharashtra,Pune,18.51696171428573,74.12922881632647,9429408,521,4924105,4505303,7171723,235018,1925019,109.0,76.0
Maharashtra,Raigarh,18.453257637845976,73.0090609418579,1493984,403,750278,743706,951639,3342,297308,101.0,64.0
Maharashtra,Raigarh,18.453257637845976,73.0090609418579,2634200,520,1344345,1289855,1939994,38570,547206,104.0,74.0
Maharashtra,Ratnagiri,17.210195070127703,73.25725893866404,1615069,528,761121,853948,1199392,7752,367352,89.0,74.0
Maharashtra,Sangli,17.154930181086502,74.70713822937628,2822143,531,1435728,1386415,2049467,13212,485126,104.0,73.0
Maharashtra,Satara,17.6737908974359,74.18052064102558,3003741,527,1510842,1492899,2225694,14093,562653,101.0,74.0
Maharashtra,Sindhudurg,16.170948049777163,73.51329008172343,849651,529,417332,432319,666067,3517,194228,97.0,78.0
Maharashtra,Solapur,17.837357937584812,75.42394823609216,4317756,526,2227852,2089904,2910676,15145,595560,107.0,67.0
Maharashtra,Thane,19.698767747440264,72.79882742564581,11060148,517,5865078,5195070,8227161,256170,2231800,113.0,74.0
Maharashtra,Wardha,20.80743024390242,78.57259105691062,1300774,504,668385,632389,1019458,4313,266155,106.0,78.0
Maharashtra,Washim,20.282282394366213,77.25502394366208,1197160,502,620302,576858,869917,1875,196022,108.0,73.0
Maharashtra,Yavatmal,20.04258346738159,78.05326371760479,2772348,510,1419965,1352383,2022574,6094,446516,105.0,73.0
Manipur,Bishnupur,24.50712111801243,93.8246236024845,237399,275,118782,118617,156333,676,34364,100.0,66.0
Manipur,Chandel,24.2635812987013,94.09443844155844,144182,280,74579,69603,90302,184,18764,107.0,63.0
Manipur,Churachandpur,24.30309718875504,93.38671506024085,274143,274,138820,135323,195935,837,29894,103.0,71.0
Manipur,Senapati,25.08465586034914,94.03366234413956,479148,272,247323,231825,264477,256,22798,107.0,55.0
Manipur,Tamenglong,24.98312942238265,93.49450740072204,140651,273,72371,68280,85006,125,11541,106.0,60.0
Manipur,Thoubal,24.545392553191498,93.97959893617023,422168,276,210845,211323,269304,880,49507,100.0,64.0
Manipur,Ukhrul,25.05900314960629,94.44129566929138,183998,279,94718,89280,129829,276,14026,106.0,71.0
Meghalaya,East Garo Hills,25.82728228228228,90.64684924924916,317917,294,161223,156694,192147,288,24550,103.0,60.0
Meghalaya,East Khasi Hills,25.303763888888884,91.75922519841272,825922,298,410749,415173,578030,5032,135941,99.0,70.0
Meghalaya,Jaintia Hills,25.33959557069844,92.37608160136298,395124,299,196285,198839,187527,510,41677,99.0,47.0
Meghalaya,South Garo Hills,25.240568578553614,90.64560349127176,142334,295,73170,69164,82062,179,10940,106.0,58.0
Meghalaya,West Garo Hills,25.495285185185185,90.03709947089942,643291,293,324159,319132,358702,1630,51301,102.0,56.0
Meghalaya,West Khasi Hills,25.500889926739926,91.25364542124538,383461,296,193715,189746,230678,149,32873,102.0,60.0
Mizoram,Aizawl,23.90781335453101,92.85359459459472,400309,283,199270,201039,340595,4019,79804,99.0,85.0
Mizoram,Champhai,23.54166580976866,93.24221799485862,125745,284,63388,62357,100802,186,23948,102.0,80.0
Mizoram,Kolasib,24.2020004347826,92.73470391304348,83955,282,42918,41037,65895,367,14853,105.0,78.0
Mizoram,Lawngtlai,22.36102843137253,92.66964156862753,117894,287,60599,57295,62861,162,9283,106.0,53.0
Mizoram,Lunglei,23.007717036172675,92.63512555425892,161428,286,82891,78537,121122,482,26394,106.0,75.0
Mizoram,Mamit,23.73852942502819,92.4330803833147,86364,281,44828,41536,60191,90,12158,108.0,70.0
Mizoram,Saiha,22.35744801061008,93.02827931034489,56574,288,28594,27980,42233,168,7400,102.0,75.0
Mizoram,Serchhip,23.263864705882344,92.914158496732,64937,285,32851,32086,54476,131,12315,102.0,84.0
Nagaland,Dimapur,25.814176811594223,93.75074057971014,378811,265,197394,181417,278037,3303,71413,109.0,73.0
Nagaland,Kohima,25.60311428571428,93.78600657596373,267988,270,138966,129022,197489,1928,50724,108.0,74.0
Nagaland,Mokokchung,26.478911764705888,94.522426006192,194622,262,101092,93530,159494,537,40154,108.0,82.0
Nagaland,Mon,26.69207374301676,95.03072988826828,250260,261,131753,118507,119626,178,14398,111.0,48.0
Nagaland,Phek,25.63272986577182,94.56814563758392,163418,266,83743,79675,105893,170,36182,105.0,65.0
Nagaland,Tuensang,26.21104453280316,94.85809880715708,196596,267,101933,94663,117511,155,24998,108.0,60.0
Nagaland,Wokha,26.202611551155112,94.1990815181518,166343,264,84505,81838,128208,198,25268,103.0,77.0
Nagaland,Zunheboto,26.028178205128206,94.50026666666668,140757,263,71217,69540,102881,261,28846,102.0,73.0
Orissa,Baleshwar,21.48570932311624,87.08085828011933,2320529,377,1185787,1134742,1621232,7370,296834,104.0,70.0
Orissa,Bhadrak,20.95262735257214,86.81496204516931,1506337,378,760260,746077,1094140,2637,164636,102.0,73.0
Orissa,Cuttack,20.407640646029623,85.7776810228802,2624470,381,1352760,1271710,2011469,15046,349587,106.0,77.0
Orissa,Dhenkanal,20.79887159353349,85.53226836027711,1192811,383,612593,580218,829910,1810,117172,106.0,70.0
Orissa,Gajapati,19.121080882352945,84.14015091911759,577817,389,282882,294935,262537,635,63112,96.0,45.0
Orissa,Ganjam,19.2632617564534,84.80297710437702,3529031,388,1779218,1749813,2210050,9049,405298,102.0,63.0
Orissa,Jharsuguda,21.827058566978184,83.93581682242987,579505,371,296690,282815,405879,2498,81433,105.0,70.0
Orissa,Kalahandi,19.784253092783523,83.1124043814433,1576869,395,787101,789768,802036,1953,91171,100.0,51.0
Orissa,Kandhamal,20.092878624813142,84.02216352765326,733110,390,359945,373165,399786,768,28736,96.0,55.0
Orissa,Kendrapara,20.606319815982264,86.83763247572003,1440361,379,717814,722547,1089265,1628,173107,99.0,76.0
Orissa,Khordha,20.054162322274863,85.52234834123229,2251673,386,1167137,1084536,1749936,35701,349860,108.0,78.0
Orissa,Koraput,18.82627794779476,82.81278469846964,1379647,398,678809,700838,568090,3988,85766,97.0,41.0
Orissa,Malkangiri,18.25227930367506,81.98293636363628,613192,399,303624,309568,244706,448,24604,98.0,40.0
Orissa,Mayurbhanj,21.897621545157754,86.4030408052231,2519738,376,1256213,1263525,1369397,2950,140189,99.0,54.0
Orissa,Nayagarh,20.192895622119817,85.05614700460825,962789,385,502636,460153,688362,1163,124984,109.0,71.0
Orissa,Nuapada,20.471309512195116,82.59152536585364,610382,394,301962,308420,299383,757,43976,98.0,49.0
Orissa,Puri,19.83509174603177,85.86698989898981,1698730,387,865380,833350,1291939,3416,201605,104.0,76.0
Orissa,Rayagada,19.292840020060204,83.45860120361095,967911,396,471960,495951,407735,1553,61543,95.0,42.0
Orissa,Sambalpur,21.515752380952385,84.34958483245157,1041099,372,526877,514222,703691,5231,126498,102.0,68.0
Orissa,Sundargarh,22.06354819277107,84.50524819277099,2093437,374,1061147,1032290,1342322,12787,223537,103.0,64.0
Puducherry,Karaikal,10.876161726078813,79.82369793621002,200222,637,97809,102413,154916,1868,47880,96.0,77.0
Puducherry,Mahe,12.006420793787758,75.28275021570326,41816,636,19143,22673,36470,574,7150,84.0,87.0
Puducherry,Yanam,16.707695652173904,82.26187304347832,55626,634,27301,28325,39274,207,12859,96.0,71.0
Punjab,Amritsar,31.548679820627772,74.79883856502238,2490656,49,1318408,1172248,1684770,29961,461231,112.0,68.0
Punjab,Bathinda,30.190524611973352,75.05685898004438,1388525,46,743197,645328,844868,11284,255650,115.0,61.0
Punjab,Faridkot,30.591187250996025,74.79751553784862,617508,45,326671,290837,381285,4348,113549,112.0,62.0
Punjab,Fatehgarh Sahib,30.64290947368421,76.36208394736842,600163,40,320795,279368,426033,5138,113683,115.0,71.0
Punjab,Firozpur,30.63407535211269,74.40245732394365,2029074,43,1071637,957437,1227511,10042,349662,112.0,60.0
Punjab,Gurdaspur,32.04283371212125,75.3204064393939,2298323,35,1212617,1085706,1634719,14428,411216,112.0,71.0
Punjab,Hoshiarpur,31.55157169811319,75.8469857442349,1586625,38,809057,777568,1199699,13747,319930,104.0,76.0
Punjab,Jalandhar,31.250336907216507,75.54400350515463,2193590,37,1145211,1048379,1622537,39082,446200,109.0,74.0
Punjab,Kapurthala,31.336592638036837,75.47641165644177,815168,36,426311,388857,576567,9732,161206,110.0,71.0
Punjab,Ludhiana,30.76596397379912,75.83110851528383,3498739,41,1867816,1630923,2560225,58589,703624,115.0,73.0
Punjab,Mansa,29.919547714285724,75.4304922857143,769751,47,408732,361019,423560,2673,140099,113.0,55.0
Punjab,Moga,30.756540067340065,75.1600845117845,995746,42,525920,469826,627889,7897,183396,112.0,63.0
Punjab,Muktsar,30.31243303303303,74.5518747747748,901896,44,475622,426274,524848,4571,166585,112.0,58.0
Punjab,Patiala,30.214540380693364,76.27505893949697,1895686,48,1002522,893164,1266791,24274,352929,112.0,67.0
Punjab,Rupnagar,30.910937330754347,76.53743500967126,684627,51,357485,327142,502731,6600,129123,109.0,73.0
Punjab,Sangrur,30.185045204336895,75.89437014178496,1655169,53,878029,777140,1002077,10736,305557,113.0,61.0
Rajasthan,Ajmer,26.199300378787903,74.6990419191919,2583052,119,1324085,1258967,1526673,13499,393498,105.0,59.0
Rajasthan,Alwar,27.55271738035265,76.65359630562563,3674179,104,1939026,1735153,2182476,9750,485723,112.0,59.0
Rajasthan,Banswara,23.453642032967014,74.44246868131869,1797485,125,907754,889731,829343,2324,120603,102.0,46.0
Rajasthan,Baran,24.98023243243244,76.86210651828291,1222755,128,633945,588810,693307,1363,161310,108.0,57.0
Rajasthan,Barmer,25.77070908045978,71.50297126436782,2603751,115,1369022,1234729,1188322,2766,126494,111.0,46.0
Rajasthan,Bharatpur,27.32411858037578,77.21752077244258,2548462,105,1355726,1192736,1480869,4179,288723,114.0,58.0
Rajasthan,Bhilwara,25.45119767759564,74.63947595628417,2408523,122,1220736,1187787,1256126,6207,373644,103.0,52.0
Rajasthan,Bikaner,28.12489068322981,73.26943322981371,2363937,101,1240801,1123136,1278801,7607,220793,110.0,54.0
Rajasthan,Bundi,25.48580716049379,75.79984074074079,1110906,121,577160,533746,585044,1392,136969,108.0,53.0
Rajasthan,Chittaurgarh,24.631623761665463,74.80010997846382,1544338,126,783171,761167,821825,4941,268172,103.0,53.0
Rajasthan,Churu,28.29330375536484,74.65846427038629,2039547,102,1051446,988101,1149269,2577,231696,106.0,56.0
Rajasthan,Dausa,26.91234817629181,76.57342097264443,1634409,109,857787,776622,938051,1719,195277,110.0,57.0
Rajasthan,Dhaulpur,26.72397054945053,77.74476219780222,1206516,106,653647,552869,683098,1330,96086,118.0,57.0
Rajasthan,Dungarpur,23.75104807692308,73.84765641025645,1388552,124,696532,692020,681591,1477,141275,101.0,49.0
Rajasthan,Ganganagar,29.256785412667963,73.56192303262948,1969168,99,1043340,925828,1193343,6295,283142,113.0,61.0
Rajasthan,Hanumangarh,29.1813351791531,74.74632573289902,1774692,100,931184,843508,1034136,3360,243163,110.0,58.0
Rajasthan,Jaipur,27.033459290187885,75.77117286012533,6626178,110,3468507,3157671,4300965,76565,990085,110.0,65.0
Rajasthan,Jaisalmer,26.86900838548185,71.18371877346682,669919,114,361708,308211,308653,754,43141,117.0,46.0
Rajasthan,Jalor,25.07578093797277,72.18647261724662,1828730,116,936634,892096,829582,1585,161845,105.0,45.0
Rajasthan,Jhalawar,24.24725541474657,76.11242891705065,1411129,129,725143,685986,739792,1750,220428,106.0,52.0
Rajasthan,Jhunjhunun,28.13517401247401,75.52840893970894,2137045,103,1095896,1041149,1370360,4828,297559,105.0,64.0
Rajasthan,Jodhpur,26.678460838536967,73.00450847457628,3687165,113,1923928,1763237,2031532,19335,408808,109.0,55.0
Rajasthan,Karauli,26.51901555555556,76.96081818181815,1458248,107,783639,674609,805849,1059,132079,116.0,55.0
Rajasthan,Kota,25.175718080000014,76.18618928000001,1951014,127,1021161,929853,1298345,12843,339899,110.0,67.0
Rajasthan,Nagaur,27.07862016048146,74.14215667001012,3307743,112,1696325,1611418,1758624,4449,347344,105.0,53.0
Rajasthan,Pali,25.80490393541874,73.55285640766907,2037573,118,1025422,1012151,1085693,4043,326793,101.0,53.0
Rajasthan,Rajsamand,25.24894767441859,73.96570215946844,1156597,123,581339,575258,619139,1989,193276,101.0,54.0
Rajasthan,Sawai Madhopur,26.251081180223288,76.4219283891548,1335551,108,704031,631520,741748,1887,140947,111.0,56.0
Rajasthan,Sikar,27.64644058641976,75.29317422839503,2677333,111,1374990,1302343,1652117,5647,339457,106.0,62.0
Rajasthan,Sirohi,24.7976905263158,72.75309131578943,1036346,117,534231,502115,476806,2146,134089,106.0,46.0
Rajasthan,Tonk,26.153935071707927,75.79192216427637,1421326,120,728136,693190,749659,1908,158264,105.0,53.0
Rajasthan,Udaipur,24.44076752136749,73.84029839743584,3068420,130,1566801,1501619,1582629,14211,357846,104.0,52.0
Sikkim,East,27.29600352941175,88.74908392156858,1709346,93,907500,801846,1352998,80037,352758,113.0,79.0
Tamil Nadu,Ariyalur,11.190514836795256,79.22249643916912,754894,616,374703,380191,480604,1749,177502,99.0,64.0
Tamil Nadu,Chennai,13.058098905608748,80.28139151846806,4646732,603,2335844,2310888,3776276,217368,1096334,101.0,81.0
Tamil Nadu,Coimbatore,10.871376995940452,77.07619012178621,3458045,632,1729297,1728748,2635907,63273,896325,100.0,76.0
Tamil Nadu,Cuddalore,11.57587300613498,79.63002365371497,2605914,617,1311697,1294217,1815281,15396,598412,101.0,70.0
Tamil Nadu,Dharmapuri,12.300141200000006,78.11509813333339,1506843,630,774303,732540,917709,3651,337972,106.0,61.0
Tamil Nadu,Dindigul,10.377801390820574,77.78011279554937,2159775,612,1080938,1078837,1481834,9155,500057,100.0,69.0
Tamil Nadu,Erode,11.267012155963302,77.42034334862392,2251744,610,1129868,1121876,1492662,18604,595211,101.0,66.0
Tamil Nadu,Kancheepuram,12.496424756511884,80.08820360135913,3998252,604,2012958,1985294,3013382,100322,961161,101.0,75.0
Tamil Nadu,Kanniyakumari,8.183466300191206,77.32053064053538,1870374,629,926345,944029,1548738,15673,465692,98.0,83.0
Tamil Nadu,Karur,10.79532776617955,78.08749686847604,1064493,613,528184,536309,727044,4915,264949,98.0,68.0
Tamil Nadu,Madurai,9.904313833333331,78.01366033333332,3038252,623,1526475,1511777,2273430,34097,754141,101.0,75.0
Tamil Nadu,Nagapattinam,10.789468161718286,79.79437299431483,1616450,618,798127,818323,1213008,5585,381940,98.0,75.0
Tamil Nadu,Namakkal,11.33766638477801,78.14624841437633,1726601,609,869280,857321,1176131,8960,441044,101.0,68.0
Tamil Nadu,Perambalur,11.260137758112096,78.86034011799416,565223,615,282157,283066,375823,1507,135751,100.0,66.0
Tamil Nadu,Pudukkottai,10.130514816433578,79.05444484265728,1618345,621,803188,815157,1110545,4494,354493,99.0,69.0
Tamil Nadu,Ramanathapuram,9.31286995153476,78.99185362412462,1353445,626,682658,670787,978946,5172,291400,102.0,72.0
Tamil Nadu,Salem,11.629324202127655,78.2478257978723,3482056,608,1781571,1700485,2285562,20660,835377,105.0,66.0
Tamil Nadu,Sivaganga,9.960306580645158,78.56535729032255,1339101,622,668672,670429,959744,5773,314270,100.0,72.0
Tamil Nadu,Thanjavur,10.387692255892237,79.3194869107745,2405890,620,1182416,1223474,1790998,13495,555582,97.0,74.0
Tamil Nadu,Theni,9.924066666666668,77.43458833333332,1245899,624,625683,620216,870080,4667,312310,101.0,70.0
Tamil Nadu,Thiruvallur,13.275858101752885,80.19724702864492,3728104,602,1876062,1852042,2791721,75634,909400,101.0,75.0
Tamil Nadu,Thiruvarur,10.368927409395978,79.60322893959727,1264277,619,626693,637584,946471,4416,303114,98.0,75.0
Tamil Nadu,Tiruvannamalai,12.419318947368414,79.23265631578953,2464875,606,1235889,1228986,1626813,6445,549077,101.0,66.0
Tamil Nadu,Vellore,12.784882632293078,79.02643283582084,3936331,605,1961688,1974643,2773928,20623,865913,99.0,70.0
Tamil Nadu,Virudhunagar,9.468872195892564,77.87641469194315,1942288,625,967709,974579,1398788,10219,505950,99.0,72.0
Tripura,Dhalai,23.781360477941163,91.94654283088232,378230,291,194544,183686,276217,273,46875,106.0,73.0
Tripura,North Tripura,24.121739755351683,92.17842538226292,693947,292,352860,341087,520402,997,81601,103.0,75.0
Tripura,South Tripura,23.211874098057383,91.6065807585568,876001,290,447544,428457,646810,948,133744,104.0,74.0
Tripura,West Tripura,23.780166241299337,91.41310788863107,1725739,289,879428,846311,1361354,6394,314567,104.0,79.0
Uttar Pradesh,Agra,26.99512974910393,78.05278291517321,4418797,146,2364953,2053844,2680510,27183,536402,115.0,61.0
Uttar Pradesh,Aligarh,27.93748576850093,78.00146831119557,3673889,143,1951996,1721893,2092567,13634,268120,113.0,57.0
Uttar Pradesh,Allahabad,25.392038662316445,82.05172446982063,5954391,175,3131807,2822584,3665727,24122,391542,111.0,62.0
Uttar Pradesh,Ambedkar Nagar,26.39119025974028,82.68282142857147,2397888,178,1212410,1185478,1486939,2509,99581,102.0,62.0
Uttar Pradesh,Auraiya,26.66892394014961,79.42637057356607,1379545,162,740040,639505,930836,2404,65479,116.0,67.0
Uttar Pradesh,Azamgarh,26.008290954773837,83.01220251256285,4613913,191,2285004,2328909,2771917,6652,183381,98.0,60.0
Uttar Pradesh,Baghpat,29.045793499999988,77.30266300000001,1303048,139,700070,602978,797970,2989,119121,116.0,61.0
Uttar Pradesh,Bahraich,27.691776300578027,81.46779783237004,3487731,180,1843884,1643847,1398368,2681,85814,112.0,40.0
Uttar Pradesh,Ballia,25.86075638297873,84.03651978723408,3239774,193,1672902,1566872,1963590,4672,119972,107.0,61.0
Uttar Pradesh,Balrampur,27.449076537911324,82.47158326180256,2148665,182,1114721,1033944,868357,1551,57400,108.0,40.0
Uttar Pradesh,Banda,25.351885902503284,80.52487391304344,1799410,170,965876,833534,1002937,1655,73522,116.0,56.0
Uttar Pradesh,Bara Banki,26.922777025232424,81.35762350597606,3260699,176,1707073,1553626,1692458,3159,108116,110.0,52.0
Uttar Pradesh,Bareilly,28.51101940789474,79.43187072368416,4448359,150,2357665,2090694,2191759,15164,272830,113.0,49.0
Uttar Pradesh,Basti,26.833880454545447,82.69790590909092,2464464,185,1255272,1209192,1393783,3423,108101,104.0,57.0
Uttar Pradesh,Bijnor,29.313974259681096,78.45098815489754,3682713,134,1921215,1761498,2135393,7303,268353,109.0,58.0
Uttar Pradesh,Bulandshahr,28.34875862068968,78.01082758620684,3499171,142,1845260,1653911,2031656,7865,223922,112.0,58.0
Uttar Pradesh,Chandauli,25.1180859611231,83.25307062634984,1952756,196,1017905,934851,1174606,3492,99602,109.0,60.0
Uttar Pradesh,Chitrakoot,25.159924623803,81.07666087551297,991730,171,527721,464009,531072,827,41046,114.0,54.0
Uttar Pradesh,Deoria,26.42218856548857,83.8244070686071,3100946,190,1537436,1563510,1875239,4469,150001,98.0,60.0
Uttar Pradesh,Etah,27.591155309734443,78.70021858407083,1774480,201,947339,827141,1055202,2635,69591,115.0,59.0
Uttar Pradesh,Etawah,26.78817670157068,79.07621806282728,1581810,161,845856,735954,1062003,2964,113098,115.0,67.0
Uttar Pradesh,Faizabad,26.60589185185181,82.00783530864202,2470996,177,1259628,1211368,1450901,4746,127754,104.0,59.0
Uttar Pradesh,Farrukhabad,27.45063297872342,79.4406284574468,1885204,159,1006240,878964,1092677,2624,88081,114.0,58.0
Uttar Pradesh,Fatehpur,25.8374362030905,80.85416203090509,2632733,172,1384722,1248011,1512166,3385,75263,111.0,57.0
Uttar Pradesh,Firozabad,27.20963993055552,78.42660624999998,2498156,147,1332046,1166110,1521806,5834,196080,114.0,61.0
Uttar Pradesh,Gautam Buddha Nagar,28.393311038961038,77.52462467532465,1648115,141,890214,757901,1122947,53181,257586,117.0,68.0
Uttar Pradesh,Ghaziabad,28.74997308584685,77.67441879350343,4681645,140,2488834,2192811,3123264,78116,695130,113.0,67.0
Uttar Pradesh,Ghazipur,25.624724775583484,83.5360854578097,3620268,195,1855075,1765193,2197549,5309,105767,105.0,61.0
Uttar Pradesh,Gonda,27.157215552099505,82.0226888024882,3433919,183,1787146,1646773,1679994,4313,104084,109.0,49.0
Uttar Pradesh,Gorakhpur,26.63315886792452,83.3549560377358,4440895,188,2277777,2163118,2700328,14597,296619,105.0,61.0
Uttar Pradesh,Hamirpur,25.738158381502892,79.82619479768789,454768,28,217070,237698,358091,2521,104120,91.0,79.0
Uttar Pradesh,Hamirpur,25.738158381502892,79.82619479768789,1104285,168,593537,510748,653299,1196,55929,116.0,59.0
Uttar Pradesh,Hardoi,27.337409090909137,80.26411767676768,4092845,155,2191442,1901403,2221601,3845,95508,115.0,54.0
Uttar Pradesh,Jalaun,26.067954587155988,79.36686911314993,1689974,165,906092,783882,1075196,2217,104176,116.0,64.0
Uttar Pradesh,Jaunpur,25.70141280913127,82.54315351934063,4494204,194,2220465,2273739,2731677,8002,181467,98.0,61.0
Uttar Pradesh,Jhansi,25.45581535234902,78.89954580536917,1998603,166,1057436,941167,1304513,8517,183340,112.0,65.0
Uttar Pradesh,Jyotiba Phule Nagar,28.870498984771597,78.39009365482241,1840221,137,963449,876772,983110,2825,89329,110.0,53.0
Uttar Pradesh,Kannauj,26.993988617886185,79.64437940379408,1656616,160,881776,774840,1017087,2488,61491,114.0,61.0
Uttar Pradesh,Kanpur Dehat,26.43047641196011,79.98710083056478,1796184,163,963255,832929,1170243,2682,49753,116.0,65.0
Uttar Pradesh,Kaushambi,25.53587532051282,81.41811282051287,1599596,174,838485,761111,813424,1503,43753,110.0,51.0
Uttar Pradesh,Kushinagar,26.892530675909864,83.92261542461007,3564544,189,1818055,1746489,1954820,3486,127331,104.0,55.0
Uttar Pradesh,Lalitpur,24.58877161016945,78.60082330508473,1221592,167,641011,580581,641191,1079,77082,110.0,52.0
Uttar Pradesh,Lucknow,26.838233589251463,80.89706026871404,4589838,157,2394476,2195362,3127260,68506,582769,109.0,68.0
Uttar Pradesh,Mahoba,25.34529670138888,79.67863003472216,875958,169,466358,409600,488106,1316,42936,114.0,56.0
Uttar Pradesh,Mainpuri,27.17386862302482,79.03501851015807,1868529,148,993377,875152,1203885,2642,79022,114.0,64.0
Uttar Pradesh,Mathura,27.59390432801821,77.62153416856502,2547184,145,1367125,1180059,1507746,8726,281239,116.0,59.0
Uttar Pradesh,Mau,26.01082203791469,83.50582654028433,2205968,192,1114709,1091259,1363044,2656,149908,102.0,62.0
Uttar Pradesh,Meerut,29.02957625698323,77.80611005586593,3443689,138,1825743,1617946,2141488,23717,425624,113.0,62.0
Uttar Pradesh,Mirzapur,25.10207959183675,82.60126628571429,2496970,199,1312302,1184668,1428683,4447,145997,111.0,57.0
Uttar Pradesh,Moradabad,28.851770406189537,78.73580193423597,4772006,135,2503186,2268820,2263848,11690,281758,110.0,47.0
Uttar Pradesh,Muzaffarnagar,29.470507977736563,77.64017847866423,4143512,133,2193434,1950078,2417339,10077,368153,112.0,58.0
Uttar Pradesh,Pilibhit,28.52024175035868,79.90103974175037,2031007,151,1072002,959005,1061095,2870,83006,112.0,52.0
Uttar Pradesh,Pratapgarh,25.864842731707316,81.93530048780492,867848,131,437744,430104,401515,716,71612,102.0,46.0
Uttar Pradesh,Pratapgarh,25.864842731707316,81.93530048780492,3209141,173,1606085,1603056,1931559,5149,140538,100.0,60.0
Uttar Pradesh,Rae Bareli,26.253902840059787,81.22260463378181,3405559,158,1752542,1653017,1965843,5184,247856,106.0,58.0
Uttar Pradesh,Rampur,28.83244727272725,79.10977333333337,2335819,136,1223889,1111930,1043666,3847,131112,110.0,45.0
Uttar Pradesh,Saharanpur,30.03381165217392,77.59905147826095,3466382,132,1834106,1632276,2077108,9699,404499,112.0,60.0
Uttar Pradesh,Sant Kabir Nagar,26.791596516393444,83.0387764344262,1715183,186,869656,845527,954949,2031,79525,103.0,56.0
Uttar Pradesh,Shahjahanpur,27.991389350649328,79.8302275324675,3006538,152,1606403,1400135,1490930,3889,115163,115.0,50.0
Uttar Pradesh,Sitapur,27.501995963091108,80.85288881199547,4483992,154,2375264,2108728,2283733,3874,102040,113.0,51.0
Uttar Pradesh,Sonbhadra,24.46693268858798,83.06816324951639,1862559,200,971344,891215,985708,5149,95582,109.0,53.0
Uttar Pradesh,Sultanpur,26.2846386419753,82.05710456790123,3797117,179,1914586,1882531,2239902,5956,233701,102.0,59.0
Uttar Pradesh,Unnao,26.63163990895297,80.636773292868,3108367,156,1630087,1478280,1773584,3476,99466,110.0,57.0
Uttar Pradesh,Varanasi,25.36057088888889,82.82529666666672,3676841,197,1921857,1754984,2403903,19214,336056,110.0,65.0
Uttaranchal,Almora,29.683532133676103,79.50165064267351,622506,64,291081,331425,436497,1830,109876,88.0,70.0
Uttaranchal,Bageshwar,29.98703393393397,79.83954354354357,259898,63,124326,135572,179483,435,47083,92.0,69.0
Uttaranchal,Chamoli,30.58338611464965,79.56281095541402,391605,57,193991,197614,280556,899,71524,98.0,72.0
Uttaranchal,Champawat,29.29142393939393,80.07720212121217,259648,65,131125,128523,177726,548,37725,102.0,68.0
Uttaranchal,Pithoragarh,30.14720631868129,80.34229230769236,483439,62,239306,244133,345550,1344,95421,98.0,71.0
Uttaranchal,Tehri Garhwal,30.463700918635173,78.48783792650917,618931,59,297986,320945,407994,1366,117239,93.0,66.0
Uttaranchal,Udham Singh Nagar,29.02779577677222,79.45629004524895,1648902,67,858783,790119,1037839,7883,254802,109.0,63.0
Uttaranchal,Uttarkashi,30.968958552036234,78.56880615384617,330086,56,168597,161489,215126,602,52621,104.0,65.0
West Bengal,Bankura,23.081280892857155,87.12640053571437,3596674,339,1838095,1758579,2232992,4273,334670,105.0,62.0
West Bengal,Barddhaman,23.444453888888884,87.8150581111111,7717563,335,3966889,3750674,5247208,32323,1049943,106.0,68.0
West Bengal,Birbhum,24.06389342723,87.65153089201888,3502404,334,1790920,1711484,2158447,5210,333752,105.0,62.0
West Bengal,Dakshin Dinajpur,25.342094363021435,88.69821679819614,1676276,331,857199,819077,1083685,2518,168069,105.0,65.0
West Bengal,Darjiling,26.839619571045585,88.33145067024122,1846823,327,937259,909564,1315585,10943,297176,103.0,71.0
West Bengal,Haora,22.401674174428507,87.99421176968654,4850029,341,2500819,2349210,3605206,30751,796953,106.0,74.0
West Bengal,Hugli,22.87929264705881,88.00010264705891,5519145,338,2814653,2704492,4078388,31725,965258,104.0,74.0
West Bengal,Jalpaiguri,26.62642031250004,89.04154375000003,3872846,328,1983064,1889782,2498780,9322,382500,105.0,65.0
West Bengal,Kolkata,22.550581481481483,88.3527648148148,4496694,342,2356766,2139928,3588137,136618,927602,110.0,80.0
West Bengal,Maldah,25.08026802575105,88.17191684549356,3988845,332,2051541,1937304,2086432,5357,297716,106.0,52.0
West Bengal,Murshidabad,24.25950655391121,88.16816860465121,7103807,333,3627564,3476243,4055834,7951,541169,104.0,57.0
West Bengal,Nadia,23.56410971055088,88.58293034547152,5167600,336,2653768,2513832,3480555,12787,623729,106.0,67.0
West Bengal,Puruliya,23.254192328767108,86.3968532876713,2930115,340,1496996,1433119,1624905,3551,189889,104.0,55.0
West Bengal,Uttar Dinajpur,26.044619165196977,88.23595232216337,3007134,330,1551066,1456068,1489667,2883,199307,107.0,50.0
